,labels,sequence
0,1,TGCTATCCTGACAGTTGTCACGCTGATTGGTGTCGTTACAATCTAACGCATCGCCAA
1,1,GTACTAGAGAACTAGTGCATTAGCTTATTTTTTTGTTATCATGCTAACCACCCGGCG
2,1,AATTGTGATGTGTATCGAAGTGTGTTGCGGAGTAGATGTTAGAATACTAACAAACTC
3,1,TCGATAATTAACTATTGACGAAAAGCTGAAAACCACTAGAATGCGCCTCCGTGGTAG
4,1,AGGGGCAAGGAGGATGGAAAGAGGTTGCCGTATAAAGAAACTAGAGTCCGTTTAGGT
5,1,CAGGGGGTGGAGGATTTAAGCCATCTCCTGATGACGCATAGTCAGCCCATCATGAAT
6,1,TTTCTACAAAACACTTGATACTGTATGAGCATACAGTATAATTGCTTCAACAGAACA
7,1,CGACTTAATATACTGCGACAGGACGTCCGTTCTGTGTAAATCGCAATGAAATGGTTT
8,1,TTTTAAATTTCCTCTTGTCAGGCCGGAATAACTCCCTATAATGCGCCACCACTGACA
9,1,GCAAAAATAAATGCTTGACTCTGTAGCGGGAAGGCGTATTATGCACACCCCGCGCCG
10,1,CCTGAAATTCAGGGTTGACTCTGAAAGAGGAAAGCGTAATATACGCCACCTCGCGAC
11,1,GATCAAAAAAATACTTGTGCAAAAAATTGGGATCCCTATAATGCGCCTCCGTTGAGA
12,1,CTGCAATTTTTCTATTGCGGCCTGCGGAGAACTCCCTATAATGCGCCTCCATCGACA
13,1,TTTATATTTTTCGCTTGTCAGGCCGGAATAACTCCCTATAATGCGCCACCACTGACA
14,1,AAGCAAAGAAATGCTTGACTCTGTAGCGGGAAGGCGTATTATGCACACCGCCGCGCC
15,1,ATGCATTTTTCCGCTTGTCTTCCTGAGCCGACTCCCTATAATGCGCCTCCATCGACA
16,1,AAACAATTTCAGAATAGACAAAAACTCTGAGTGTAATAATGTAGCCTCGTGTCTTGC
17,1,TCTCAACGTAACACTTTACAGCGGCGCGTCATTTGATATGATGCGCCCCGCTTCCCG
18,1,GCAAATAATCAATGTGGACTTTTCTGCCGTGATTATAGACACTTTTGTTACGCGTTT
19,1,GACACCATCGAATGGCGCAAAACCTTTCGCGGTATGGCATGATAGCGCCCGGAAGAG
20,1,AAAAACGTCATCGCTTGCATTAGAAAGGTTTCTGGCCGACCTTATAACCATTAATTA
21,1,TCTGAAATGAGCTGTTGACAATTAATCATCGAACTAGTTAACTAGTACGCAAGTTCA
22,1,ACCGGAAGAAAACCGTGACATTTTAACACGTTTGTTACAAGGTAAAGGCGACGCCGC
23,1,AAATTAAAATTTTATTGACTTAGGTCACTAAATACTTTAACCAATATAGGCATAGCG
24,1,TTGTCATAATCGACTTGTAAACCAAATTGAAAAGATTTAGGTTTACAAGTCTACACC
25,1,CATCCTCGCACCAGTCGACGACGGTTTACGCTTTACGTATAGTGGCGACAATTTTTT
26,1,TCCAGTATAATTTGTTGGCATAATTAAGTACGACGAGTAAAATTACATACCTGCCCG
27,1,ACAGTTATCCACTATTCCTGTGGATAACCATGTGTATTAGAGTTAGAAAACACGAGG
28,1,TGTGCAGTTTATGGTTCCAAAATCGCCTTTTGCTGTATATACTCACAGCATAACTGT
29,1,CTGTTGTTCAGTTTTTGAGTTGTGTATAACCCCTCATTCTGATCCCAGCTTATACGG
30,1,ATTACAAAAAGTGCTTTCTGAACTGAACAAAAAAGAGTAAAGTTAGTCGCGTAGGGT
31,1,ATGCGCAACGCGGGGTGACAAGGGCGCGCAAACCCTCTATACTGCGCGCCGAAGCTG
32,1,TAAAAAACTAACAGTTGTCAGCCTGTCCCGCTTATAAGATCATACGCCGTTATACGT
33,1,ATGCAATTTTTTAGTTGCATGAACTCGCATGTCTCCATAGAATGCGCGCTACTTGAT
34,1,CCTTGAAAAAGAGGTTGACGCTGCAAGGCTCTATACGCATAATGCGCCCCGCAACGC
35,1,TCGTTGTATATTTCTTGACACCTTTTCGGCATCGCCCTAAAATTCGGCGTCCTCATA
36,1,CCGTTTATTTTTTCTACCCATATCCTTGAAGCGGTGTTATAATGCCGCGCCCTCGAT
37,1,TTCGCATATTTTTCTTGCAAAGTTGGGTTGAGCTGGCTAGATTAGCCAGCCAATCTT
38,1,TGTAAACTAATGCCTTTACGTGGGCGGTGATTTTGTCTACAATCTTACCCCCACGTA
39,1,GATCGCACGATCTGTATACTTATTTGAGTAAATTAACCCACGATCCCAGCCATTCTT
40,1,AACGCATACGGTATTTTACCTTCCCAGTCAAGAAAACTTATCTTATTCCCACTTTTC
41,1,TTAGCGGATCCTACCTGACGCTTTTTATCGCAACTCTCTACTGTTTCTCCATACCCG
42,1,GCCTTCTCCAAAACGTGTTTTTTGTTGTTAATTCGGTGTAGACTTGTAAACCTAAAT
43,1,CAGAAACGTTTTATTCGAACATCGATCTCGTCTTGTGTTAGAATTCTAACATACGGT
44,1,CACTAATTTATTCCATGTCACACTTTTCGCATCTTTGTTATGCTATGGTTATTTCAT
45,1,ATATAAAAAAGTTCTTGCTTTCTAACGTGAAAGTGGTTTAGGTTAAAAGACATCAGT
46,1,CAAGGTAGAATGCTTTGCCTTGTCGGCCTGATTAATGGCACGATAGTCGCATCGGAT
47,1,GGCCAAAAAATATCTTGTACTATTTACAAAACCTATGGTAACTCTTTAGGCATTCCT
48,1,TAGGCACCCCAGGCTTTACACTTTATGCTTCCGGCTCGTATGTTGTGTGGAATTGTG
49,1,CCATCAAAAAAATATTCTCAACATAAAAAACTTTGTGTAATACTTGTAACGCTACAT
50,1,TGGGGACGTCGTTACTGATCCGCACGTTTATGATATGCTATCGTACTCTTTAGCGAG
51,1,TCAGAAATATTATGGTGATGAACTGTTTTTTTATCCAGTATAATTTGTTGGCATAAT
52,0,ATATGAACGTTGAGACTGCCGCTGAGTTATCAGCTGTGAACGACATTCTGGCGTCTA
53,0,CGAACGAGTCAATCAGACCGCTTTGACTCTGGTATTACTGTGAACATTATTCGTCTC
54,0,CAATGGCCTCTAAACGGGTCTTGAGGGGTTTTTTGCTGAAAGGAGGAACTATATGCG
55,0,TTGACCTACTACGCCAGCATTTTGGCGGTGTAAGCTAACCATTCCGGTTGACTCAAT
56,0,CGTCTATCGGTGAACCTCCGGTATCAACGCTGGAAGGTGACGCTAACGCAGATGCAG
57,0,GCCAATCAATCAAGAACTTGAAGGGTGGTATCAGCCAACAGCCTGACATCCTTCGTT
58,0,TGGATGGACGTTCAACATTGAGGAAGGCATAACGCTACTACCTGATGTTTACTCCAA
59,0,GAGGTGGCTATGTGTATGACCGAACGAGTCAATCAGACCGCTTTGACTCTGGTATTA
60,0,CGTAGCGCATCAGTGCTTTCTTACTGTGAGTACGCACCAGCGCCAGAGGACGACGAC
61,0,CGACCGAAGCGAGCCTCGTCCTCAATGGCCTCTAAACGGGTCTTGAGGGGTTTTTTG
62,0,CTACGGTGGGTACAATATGCTGGATGGAGATGCGTTCACTTCTGGTCTACTGACTCG
63,0,ATAGTCTCAGAGTCTTGACCTACTACGCCAGCATTTTGGCGGTGTAAGCTAACCATT
64,0,AACTCAAGGCTGATACGGCGAGACTTGCGAGCCTTGTCCTTGCGGTACACAGCAGCG
65,0,TTACTGTGAACATTATTCGTCTCCGCGACTACGATGAGATGCCTGAGTGCTTCCGTT
66,0,TATTCTCAACAAGATTAACCGACAGATTCAATCTCGTGGATGGACGTTCAACATTGA
67,0,AACGAGTCAATCAGACCGCTTTGACTCTGGTATTACTGTGAACATTATTCGTCTCCG
68,0,AAGTGCTTAGCTTCAAGGTCACGGATACGACCGAAGCGAGCCTCGTCCTCAATGGCC
69,0,GAAGACCACGCCTCGCCACCGAGTAGACCCTTAGAGAGCATGTCAGCCTCGACAACT
70,0,TTAGAGAGCATGTCAGCCTCGACAACTTGCATAAATGCTTTCTTGTAGACGTGCCCT
71,0,TATTCGTCTCCGCGACTACGATGAGATGCCTGAGTGCTTCCGTTACTGGATTGTCAC
72,0,TGCTGAAAGGAGGAACTATATGCGCTCATACGATATGAACGTTGAGACTGCCGCTGA
73,0,CATGAACTCAAGGCTGATACGGCGAGACTTGCGAGCCTTGTCCTTGCGGTACACAGC
74,0,TTCGTCTCCGCGACTACGATGAGATGCCTGAGTGCTTCCGTTACTGGATTGTCACCA
75,0,CATGTCAGCCTCGACAACTTGCATAAATGCTTTCTTGTAGACGTGCCCTACGCGCTT
76,0,AGGAGGAACTACGCAAGGTTGGAACATCGGAGAGATGCCAGCCAGCGCACCTGCACG
77,0,TCTCAACAAGATTAACCGACAGATTCAATCTCGTGGATGGACGTTCAACATTGAGGA
78,0,TGAAGTGCTTAGCTTCAAGGTCACGGATACGACCGAAGCGAGCCTCGTCCTCAATGG
79,0,CTATATGCGCTCATACGATATGAACGTTGAGACTGCCGCTGAGTTATCAGCTGTGAA
80,0,GCGGCAGCACGTTTCCACGCGGTGAGAGCCTCAGGATTCATGTCGATGTCTTCCGGT
81,0,ATCCCTAATGTCTACTTCCGGTCAATCCATCTACGTTAACCGAGGTGGCTATGTGTA
82,0,TGGCGTCTATCGGTGAACCTCCGGTATCAACGCTGGAAGGTGACGCTAACGCAGATG
83,0,TCTCGTGGATGGACGTTCAACATTGAGGAAGGCATAACGCTACTACCTGATGTTTAC
84,0,TATTGGCTTGCTCAAGCATGAACTCAAGGCTGATACGGCGAGACTTGCGAGCCTTGT
85,0,TAGAGGGTGTACTCCAAGAAGAGGAAGATGAGGCTAGACGTCTCTGCATGGAGTATG
86,0,CAGCGGCAGCACGTTTCCACGCGGTGAGAGCCTCAGGATTCATGTCGATGTCTTCCG
87,0,TTACGTTGGCGACCGCTAGGACTTTCTTGTTGATTTTCCATGCGGTGTTTTGCGCAA
88,0,ACGCTAACGCAGATGCAGCGAACGCTCGGCGTATTCTCAACAAGATTAACCGACAGA
89,0,GGTGTTTTGCGCAATGTTAATCGCTTTGTACACCTCAGGCATGTAAACGTCTTCGTA
90,0,AACCATTCCGGTTGACTCAATGAGCATCTCGATGCAGCGTACTCCTACATGAATAGA
91,0,AGACGTCTCTGCATGGAGTATGAGATGGACTACGGTGGGTACAATATGCTGGATGGA
92,0,TGTTGATTTTCCATGCGGTGTTTTGCGCAATGTTAATCGCTTTGTACACCTCAGGCA
93,0,TGCACGGGTTGCGATAGCCTCAGCGTATTCAGGTGCGAGTTCGATAGTCTCAGAGTC
94,0,AGGCATGTAAACGTCTTCGTAGCGCATCAGTGCTTTCTTACTGTGAGTACGCACCAG
95,0,CCGAGTAGACCCTTAGAGAGCATGTCAGCCTCGACAACTTGCATAAATGCTTTCTTG
96,0,CGCTAGGACTTTCTTGTTGATTTTCCATGCGGTGTTTTGCGCAATGTTAATCGCTTT
97,0,TATGACCGAACGAGTCAATCAGACCGCTTTGACTCTGGTATTACTGTGAACATTATT
98,0,AGAGGGTGTACTCCAAGAAGAGGAAGATGAGGCTAGACGTCTCTGCATGGAGTATGA
99,0,GAGAGCATGTCAGCCTCGACAACTTGCATAAATGCTTTCTTGTAGACGTGCCCTACG
100,0,CCTCAATGGCCTCTAAACGGGTCTTGAGGGGTTTTTTGCTGAAAGGAGGAACTATAT
101,0,GTATTCTCAACAAGATTAACCGACAGATTCAATCTCGTGGATGGACGTTCAACATTG
102,0,CGCGACTACGATGAGATGCCTGAGTGCTTCCGTTACTGGATTGTCACCAAGGCTTCC
103,0,CTCGTCCTCAATGGCCTCTAAACGGGTCTTGAGGGGTTTTTTGCTGAAAGGAGGAAC
104,0,TAACATTAATAAATAAGGAGGCTCTAATGGCACTCATTAGCCAATCAATCAAGAACT
